{"+": 2.3030364500000005, "-": 2.3357596, "*": 1.1588659, "/": 4.3924733499999995, "fraction": 6.6103757000000005, "factors_primes": 20.427071950000002, "prime_factorization": 16.359170508333335, "hcf": 17.659900999999998, "lcm": 12.7043028}