{"+": 2.2850161500000006, "-": 2.3306809, "*": 1.2147088, "/": 4.0886116999999995, "fraction": 6.1230083, "factors_primes": 19.117373450000002, "prime_factorization": 12.618413875000002, "hcf": 14.753408249999998, "lcm": 6.749205299999999}