{"+": 3.291311025, "-": 2.02719608, "*": 5.66450465, "/": 2.130057425, "fraction": 4.676967725000001, "factors_primes": 9.411553300000001, "prime_factorization": 3.8384622642857145, "hcf": 6.76127536, "lcm": 5.979817150000001}