{"+": 11.170059, "-": 4.526985246666667, "*": 9.904858025, "/": 2.7344403400000004, "fraction": 6.544435975000001, "factors_primes": 10.026825900000002, "prime_factorization": 5.864273322619048, "hcf": 8.768714526666667, "lcm": 6.9936922500000005}