{"+": 2.72608015, "-": 2.02719608, "*": 3.62700515, "/": 2.0, "fraction": 2.175372475, "factors_primes": 8.20279855, "prime_factorization": 2.3453862500000002, "hcf": 4.19485931, "lcm": 4.08599095}