{"+": 6.452231449999999, "-": 4.526985246666667, "*": 7.847362199999999, "/": 2.2186313650000002, "fraction": 6.544435975000001, "factors_primes": 9.127756500000002, "prime_factorization": 4.968330397619048, "hcf": 6.76127536, "lcm": 5.979817150000001}