{"+": 2.3030364500000005, "-": 2.4357596, "*": 1.1588659, "/": 4.29247335, "fraction": 6.6103757000000005, "factors_primes": 20.427071950000002, "prime_factorization": 16.259170508333334, "hcf": 17.659900999999998, "lcm": 12.7043028}