{"+": 1.7593078500000001, "-": 11.802912200000002, "*": 4.2855236, "/": 2.4485240999999998, "fraction": 2.0539637, "factors_primes": 13.232459500000001, "prime_factorization": 2.8551876000000003, "hcf": 6.6246811999999995, "lcm": 14.402907199999998}