{"+": 1.825085, "-": 8.747311000000002, "*": 1.8230248, "/": 2.4013348, "fraction": 2.0539637, "factors_primes": 3.2156478, "prime_factorization": 2.0, "hcf": 6.6246811999999995, "lcm": 6.500307599999999}