{"+": 11.170059, "-": 5.711727313333334, "*": 12.601591658333334, "/": 8.34173584, "fraction": 7.768281275000001, "factors_primes": 17.07010065, "prime_factorization": 10.401084422619048, "hcf": 11.44261736, "lcm": 11.296164375000002}